﻿{"cameraMode":{"drawMode":0,"name":"Shaded","section":"Shading Mode"},"sceneLighting":true,"audioPlay":false,"sceneViewState":{"showFog":true,"showMaterialUpdate":false,"showSkybox":true,"showFlares":true,"showImageEffects":true,"showParticleSystems":true},"in2DMode":false,"pivot":{"x":-7.476640701293945,"y":-3.0253658294677736,"z":5.165292739868164},"rotation":{"x":-0.20755350589752198,"y":0.4133601486682892,"z":-0.09735660254955292,"w":-0.8812372088432312},"size":32.66403579711914,"orthographic":false}